M2,ADSL2+,Telstra,20/1,unlimited,100.00,60.00
AAPT,ADSL2+,AAPT,20/1,unlimited,100.00,65.00
AAPT,ADSL2+,Telstra,20/1,unlimited,100.00,80.00
M2,NBN,M2,12/1,30,100.00,60.00
M2,NBN,M2,12/1,100,100.00,70.00
M2,NBN,M2,12/1,200,100.00,80.00
AAPT,NBN,AAPT,12/1,unlimited,100.00,100.00
M2,NBN,M2,25/5,30,100.00,70.00
M2,NBN,M2,25/5,100,100.00,80.00
M2,NBN,M2,25/5,200,100.00,90.00
AAPT,NBN,AAPT,25/5,unlimited,100.00,110.00
M2,NBN,M2,25/10,30,100.00,80.00
M2,NBN,M2,25/10,100,100.00,90.00
M2,NBN,M2,25/10,200,100.00,100.00
AAPT,NBN,AAPT,25/10,unlimited,100.00,120.00
M2,NBN,M2,50/20,30,100.00,90.00
M2,NBN,M2,50/20,100,100.00,100.00
M2,NBN,M2,50/20,200,100.00,110.00
AAPT,NBN,AAPT,50/20,unlimited,100.00,130.00
M2,NBN,M2,100/40,30,100.00,100.00
M2,NBN,M2,100/40,100,100.00,110.00
M2,NBN,M2,100/40,200,100.00,120.00
AAPT,NBN,AAPT,100/40,unlimited,100.00,140.00
